SLID,species,tissue_class,tissue_type,main_cancer_type,cancer_type,cancer_type_detail,main_spatial_layer,spatial_layer,Cell_type_composition,PMID,Paper_Title,journal,year,technology_type_for_discovery,technology_platform_for_discovery,Phenotype_type,main_Phenotype_label,Phenotype_label,model_type,technology_type_for_validation,technology_platform_for_validation,evidence_type,Phenotype_evidence
SL001,human, colon, colon,Colorectal cancer,Colorectal cancer,CRC,Cell co-localization,colocalised adenoma and cancer epithelial cells and Tregs,"Epithelial tumour cells, Tregs",38614865,Spatial and single-cell colocalisation analysis reveals MDK-mediated immunosuppressive environment with regulatory T cells in colorectal carcinogenesis,eBioMedicine,2024,"Spatial transcriptomics, scRNA-seq data","10× Genomics, 10× Genomics",Biological phenotype,Immune Tolerance, induce immune tolerance,clinical samples,immunofluorescence,unknow,protein,"Thus, our results suggested that Treg-colocalised adenoma epithelial cells with high MDK expression not only interact with Tregs to induce immune tolerance and promote cell proliferation but also act on monocytes and stromal cells, thereby initiating TME formation in pathological adenoma."
SL002,human,bladder,bladder,Bladder cancer,Bladder cancer,bladder cancer,Cellular neighbourhoods,C1 (epithelial and basal cells),"Epithelial cells, Basal cells",37488671,Integrated single-cell and spatial transcriptomic profiling reveals higher intratumour heterogeneity and epithelial–fibroblast interactions in recurrent bladder cancer,clinical and translational medicine,2023,Spatial transcriptome,10× Genomics,Biological phenotype,Tumor Recurrence,Tumor Recurrence,clinical samples,multiplex immunofluorescence,Akoya,protein,"Interestingly, spatially proximal differential analysis of cell types revealed that the interaction between C1 (epithelial and basal cells) and C0 (NK and T cells) was enhanced in the recurrent group as opposed to the primary group (Figure 3A and Table S5), while the con tent and ratio versus total spots of both C1 and C0 were lower in the recurrent group.
We confirmed the upregulated colocalisation of epithelial cells, keratinocytes and basal cells (Figure 3D,F) with NK and CD8+ T cells in the recurrent group, implying more complex tumour microenvironments in the recurrent group.
Quantitative analysis was also performed to show the difference in colocalisation of NK/T and epithelial/basal cells between primary and recurrent groups (Figure 4D,E). Overall, these immunofluorescence results further demonstrated the increased immune complexity in recurrent tumours. "
SL003,human,bladder,bladder,Bladder cancer,Bladder cancer,bladder cancer,Cellular neighbourhoods,C0 (NK and T cells),"NK cells, T cells",37488671,Integrated single-cell and spatial transcriptomic profiling reveals higher intratumour heterogeneity and epithelial–fibroblast interactions in recurrent bladder cancer,clinical and translational medicine,2023,Spatial transcriptome,10× Genomics,Biological phenotype,Tumor Recurrence,Tumor Recurrence,clinical samples,multiplex immunofluorescence,Akoya,protein,"Interestingly, spatially proximal differential analysis of cell types revealed that the interaction between C1 (epithelial and basal cells) and C0 (NK and T cells) was enhanced in the recurrent group as opposed to the primary group (Figure 3A and Table S5), while the con tent and ratio versus total spots of both C1 and C0 were lower in the recurrent group.
We confirmed the upregulated colocalisation of epithelial cells, keratinocytes and basal cells (Figure 3D,F) with NK and CD8+ T cells in the recurrent group, implying more complex tumour microenvironments in the recurrent group.
Quantitative analysis was also performed to show the difference in colocalisation of NK/T and epithelial/basal cells between primary and recurrent groups (Figure 4D,E). Overall, these immunofluorescence results further demonstrated the increased immune complexity in recurrent tumours. "
SL004,human,bladder,bladder,Bladder cancer,Bladder cancer,Bladder Ewing sarcoma/primitive neuroectodermal tumor (bladder ES/PNET),Cell co-localization,interaction between bladder ES-Epi and bladder ES-Mast cells,"Bladder ES-Mast cells, bladder ES-Epi cells",39386756,Single-cell RNA sequencing and spatial transcriptomics of bladder Ewing sarcoma,iScience,2024,"Single-cell RNA-sequencing, spatial transcriptomic","10X Genomics, 10X Genomics",Biological phenotype,Tumor Invasion,Invasion,clinical samples,"multiple immunoflfluorescence, Functional experiments",unknow,protein,"The investigation identified the ‘‘TNFSF12-TNFRSF12A’’ ligand-receptor pair as notably present in bladder ES-Epi/bladder→ES-Mast cells compared with the relationships between bladder ES-Epi and the other two mast cell subclusters (Figure 6N).
9 Initial assessment of TNFRSF12A expression in BLCA revealed its overexpression in tumors, with higher expression associated with advanced pathological staging and a poorer prognosis (Figure S8).
Subsequent examination of TNFRSF12A expression in bladder ES/PNET and BLCA tissue samples revealed significant overexpression in bladder ES/ PNET (Figure 6P).
Additionally, multiple immunofluorescence staining results showed that the tumor-associated mast cell marker gene TPGS2 co-localized with TNFSF12, and the tumor-associated epithelial cell marker gene INHBC co-localized with TNFRSF12A (Figure S10)
Functional experiments suggested that exogenous TNFRSF12 significantly enhanced the migration abilities of the ES cell line RD-ES and BLCA cell line T24, as well as the angiogenesis ability of RD-ES, while Enavatuzumab exerts the opposite function (Figures 6Q, S11A, and S11B)
Finally, spatial analysis results revealed mutual interactions between mast cells and epithelial cells, with TNFSF12-TNFRSF12A interactions occurring at the spatial level (Figure 6R). "
SL005,Human,Brain,Brain,Brain cancer,Glioblastoma,Glioblastoma ,Spatial niche,Peri-necrotic regions,"Hypoxia-TAM(defined as ADM+/Galectin-3+ Mo-TAMs), endothelial cells",38640932,Identification of hypoxic macrophages in glioblastoma with therapeutic potential for vasculature normalization.,Cancer Cell,2024,Spatial transcriptome,10× Genomics,Clinical phenotype,Drug Response,Dampen drug delivery,"clinical samples, mouse model","Intravital imaging, Multiplex immunostaining","Zeiss 780 multiphoton microscope
Opal Polaris 7 Color Automation IHC Detection Kit (AKOYA)","protein,mouse","Genetic ablation or pharmacological blockade of adrenomedullin produced by Hypoxia-TAM restores vascular integrity, improves intratumoral concentration of the anti-tumor agent dabrafenib, and achieves combinatorial therapeutic benefits
 Co-staining for ADM and the Mo-TAM marker galectin-316 confirmed the proximity of Hypoxia-TAM (defined as ADM+/Galectin-3+ Mo-TAMs) to the pseudo-palisading necrotic areas in hGBM tissues
AMA administration with dabrafenib achieved combinatorial therapeutic benefits in extending animal survival (Figure 8D) and reducing tumor burden "
SL006,human,brain,brain,Brain cancer,Brain cancer,"primary brain 
tumours or BrM",Spatial niche,a unique macrophage-enriched neighbourhood,MPO-positive macrophages,36725935,Single-cell spatial immune landscapes of primary and metastatic brain tumours,nature,2023,IMC,unknow,Clinical phenotype,Overall Survival, improved survival,clinical samples,immunohistofluorescence co-staining,unknow,protein,"We compared the proportion of cells representing each CN within a given tumour sample, and found that LTS tumours had significantly higher representation of macrophage-enriched CN7 than STS tumours (Fig. 3d). Moreover, using this refined cohort, we confirmed the association between CN7 and improved survival (Fig. 3e and Extended Data Fig. 9g).
In comparing the relative representation of CL1–3 across each CN (Fig. 3b), we observed an enrichment in CN7 specifically in patients with LTS tumours (Fig. 3i). Together, these data indicate that macrophage spatial relationships may contain critical prognostic information, as we have identified a unique macrophage-enriched neighbourhood associated with long-term survival—a rarity in this disease.
To test the practicality of our findings using a lower-plex technology, we performed immunohistofluorescence co-staining for MPO and IBA1 to evaluate survival outcomes in a cohort of 135 patients with glioblastoma. As the vast majority (83.96%) of MPO+ macrophages are CD163− and P2Y12− (Extended Data Fig. 10a), the combination of MPO with IBA1 was sufficient to confirm significantly prolonged survival in patients with high frequencies of double-positive cells (Fig. 4h)."
SL007,human,brain,brain,Brain cancer,Glioblastoma,glioblastoma,Cellular neighbourhoods,Spatially clustered glioblastoma subcluster 6 and M2 TAMs distribution,Glioblastoma subcluster 6 (CEBPB+) cells and M2 TAMs,38994023,The CEBPB+ glioblastoma subcluster specifically drives the formation of M2 tumor-associated macrophages to promote malignancy growth,Theranostics,2024,Cell culture,Gibco,Biological phenotype,Tumor Growth,Tumor growth,"clinical samples, mouse model",mouse models,NA,mouse,"Nonetheless, the results of high-throughput sequencing suggest a positive correlation between the high expression of CEBPB in GBM subcluster 6 and M2 TAMs.
Subsequent Transwell cell migration assays demonstrated that conditioned medium (CM) from GBM cells overexpressing CEBPB significantly enhanced the migration of M0 macrophages (PMA-primed U937 cells). (Figure 5D-F).
Interestingly, following prolonged exposure (3 days) of M0 macrophages to conditioned media from GBM cells overexpressing CEBPB, the expression of M2-like markers CD206, CD163, and ARG1 sharply increased. In contrast, this trend was notably diminished upon exposure to conditioned media from CEBPB-depleted GBM cells, while there was no change in the expression of M1-like markers (iNOS, TNFα, and CD80) (Figure 5G-I, Figure S13D). These results suggest that the genes regulated by CEBPB might encompass factors involved in M2 polarization of macrophages.
These findings suggest that CEBPB is also implicated in TAMs recruitment and M2 polarization in vivo. The subsequent in vivo experiment demonstrated that the depletion of CEBPB in transplanted glioma cells visually reduced the growth of the tumors and extended the survival time of the mice bearing glioma cells (Figure 6F-H, Figure S13E-G). "
SL008,human,brain,brain,Brain cancer,Glioblastoma,glioblastoma,Cell co-localization,"Co-localization of CEBPB, SPP1, Integrin αvβ1, and M2 macrophages in their spatial distribution",Glioblastoma subcluster 6 (CEBPB+) cells and M2 TAMs,38994023,The CEBPB+ glioblastoma subcluster specifically drives the formation of M2 tumor-associated macrophages to promote malignancy growth,Theranostics,2024,"spatial transcriptomics, multiplex immunofluorescence","GEO(GSE235672), Abcam",Clinical phenotype,Overall Survival,Shorter survival,"clinical samples, mouse model",survivsl analysis,analysis,clinical data,"Consistent with our previous findings on intercellular communication, we observed co-localization of CEBPB, SPP1, Integrin αvβ1, and M2 macrophages in their spatial distribution (Figure 8G).
We discovered that inhibiting SPP1 reversed the tumor progression and extended survival times caused by the overexpression of CEBPB in vivo (Figure 8J-K), which was associated to change the number of SPP1/Integrin αvβ1/phosphorylated-Akt-positive M2 TAMs in the xenograft tumors (Figure 8L-M, Figure S16).
Clinically, simultaneous high expression of CEBPB, SPP1, and Integrin αvβ1 not only leads to a high enrichment of M2 TAMs in GBM tissues but also significantly shortens the lifespan of GBM patients (Figure 8N-O, Figure S15D-E). "
SL009,human,brain,brain,Brain cancer,Glioblastoma,Glioblastomas,Cellular neighbourhoods,overlap between exhausted T cells and HMOX1+ myeloid cells,"HMOX1+ myeloid cells, CD8+ T cells",35177622,T-cell dysfunction in the glioblastoma microenvironment is mediated by myeloid cells releasing interleukin-10,nature communication,2022,Spatial transcriptomics,10×Genomics,Biological phenotype,Immune Suppression,immunosuppressive,clinical samples,human neocortical GBM model,NA,"Protein, human model","spatially resolved and single-cell gene expression data of 45,615 immune cells from 12 tumor samples, that a subset of Interleukin-10-releasing HMOX1+ myeloid cells, spatially localizing to mesenchymal-like tumor regions, drive T-cell exhaustion and thus contribute to the immunosuppressive tumor microenvironment.
We found that myeloid cells from two clusters (aMΦ, bMΦ, Supplementary Fig. 5), characterized by the expression of tumor-associated macrophage genes (CD163, CCL4, APOE, and HLA-DRA) were strongly connected to the CD8+ exhausted and CD4+ Th1 T cell clusters.
To further validate potential interactions between the myeloid–lymphoid compartment, we isolated CD3+ IBA1+ (gene: CD3D and AIF1) doublets from our dataset, Fig. 5h.
When comparing the gene expression profile of our top connected cell pairs (Ligand cells: Myeloid cells; Receiver cells: T cells) with the CD3+ IBA1+ doublets, a strong expression of both CD163 and HMOX1 was observed, Fig. 5j underpinning the observation that physically connected cells mainly arise from our identified CD163+HMOX1+ myeloid subpopulation, Fig. 5k.
This was carried out by reconstructing the spatial juxtaposition, where we found HMOX1+ IBA1+ microglia were present in close proximity to a tumor (p < 0.023) and T cells (p < 0.001), compared to HMOX1− IBA1+ microglia, Fig. 6c. "
SL010,human,brain,brain,Brain cancer,Glioblastoma,Glioblastoma (GBM),Cellular neighbourhoods,"CAFs were enriched in the perivascular niche where glioblastoma stem cells (GSCs) reside, based on their proximity to endothelial cells","Cancer-associated fibroblasts (CAFs), Glioblastoma stem cells (GSCs), Endothelial cells",36856115,Single-cell RNA sequencing and spatial transcriptomics reveal cancer-associated fibroblasts in glioblastoma with protumoral effects,The Journal of Clinical Investigation,2023,Spatial transcriptomics,NA,Biological phenotype,Tumor Growth,Tumor growth,"clinical samples, mouse model",mouse models,NA,mouse,"Spatial transcriptomics from 16 patient glioblastomas confirmed CAF proximity to mesenchymal glioblastoma stem cells (GSCs), endothelial cells, and M2 macrophages.
Supplementing GSC-derived xenografts with CAFs enhanced in vivo tumor growth.
Based on our spatial transcriptomics results (Figure 2, E–H), we hypothesized that GSCs may recruit CAFs to the perivascular niche of GBM.
Including CAFs with neurospheres enabled tumor growth to reach end point in most mice, which did not occur without CAFs (P = 0.03; Figure 7A), revealing that the tumor-promoting effects of 
CAFs on GSCs that we noted in culture also occurred in vivo. "
SL011,human,brain,brain,Brain cancer,Glioblastoma,glioblastoma,Spatial niche,niches surrounding the blood vessels,"ECs and fibroblasts
immune cells, glial cells, and fibroblasts，PVM，mesenchymal and OPC-like cells",38805346,Spatial analysis of recurrent glioblastoma reveals perivascular niche organization,JCI Insight,2024,immunofluorescence,Olympus FV3000 Confocal Microscope,Clinical phenotype,Tumor Recurrence,recurrence,clinical samples,single-cell spatial transcriptomic,CosMx platform ,RNA,"-The most interesting was the organization of the niches surrounding the blood vessels in recurrent tumors. In these areas, niche 1, which is a vascular niche composed of ECs and fibroblasts, was surrounded by niche 7, enriched with immune cells, glial cells, and fibroblasts (Figure 5I). PVM cells of recurrent tumors were primarily found in this zone. These areas were also encapsulated by niches rich in mesenchymal and OPC-like cells (Figure 5H). No such structured organization was observed around vasculature of primary tumor samples.
-Of note, 2 different types of immune cells were associated with the blood vessels in recurrent tumor tissue: the perivascular macrophages (“PVM”), expressing CD68, CD14, CD74, and CD163, corresponding with CD163+ immunostaining, and the SPP1-, CCL7-, and CEACAM1-expressing cells (“Immune”)
-Recurrent samples were enriched in mesenchymal-like tumor cells (“MES”). We observed these MES cells arranging in spatial niches surrounding collagen-rimmed vessels (Figure 5H)."
SL012,mouse,breast,breast,Breast cancer,Breast cancer,breast cancer,Spatial niche,ST_2(‘proliferative’compartment) in four spatially distinct compartments within ER+ breast cancers.,"the MKI67+ cells (PNP, PPP, NPP and NNP) ",38282415,"Molecular features of luminal breast cancer defined
through spatial and single-cell transcriptomics",Clinical and Translational Medicine,2024,Spatial transcriptomics,10x Genomics,Clinical phenotype,Overall Survival,significantly shorter survival,clinical samples,survival analysis,analysis,clinical data,"· Patients in the high score group of ST_2, ST_5 and ST_7 signatures had significantly shorter survival, suggesting that these populations were potentially associated with more aggressive features of ER+ breast cancers. 
· High ST_0（oestrogen-responsive population） and ST_2 scores were associated with better and worse survival outcomes, respectively (Figure S21), the same as those observed in the METABRIC dataset (Figure 7A)
· The results from these analysessuggest that the spatially distinct ST_2 group (including MKI67+ cells) had more impact than ST_0（oestrogen-responsive population） on luminal cancer prognose"
SL013,human,breast,breast,Breast tumors,ER- breast tumors,ER- breast tumors,Cell co-localization,interaction between NOS2hi tumor cells and CD8+ T cells,NOS2hi tumor cells and CD8+ T cells,37169743,Interferon-gamma is quintessential for NOS2 and COX2 expression in ER- breast tumors that lead to poor outcome,Cell Death & Disease,2023,Hematoxylin and Eosin (H&E) and mIF staining,Leica Biosystems BOND RX Autostainer,Biological phenotype,Tumor Metastasis,metastasis,clinical samples,vitro scratch assay,"inverted microscope (EVOS, Life Technologies, Carlsbad, CA)",cell,"NOS2hi regions were near stromarestricted CD8+ T cells.NOS2hi areas exhibited small tumor clusters that appeared to break away from the primary lesion (satellitosis), indicative of metastatic niches.
These results suggest that the upregulation of NOS2/COX2 tumor expression within an inflammatory niche could generate phenotypes with increased metastatic potential.
These earlier observations suggest that increased tumor NOS2 expression and clustering would generate a flux of NO that enhances the metastatic potential of exposed cells within that niche."
SL014,human,Cervix,Cervix,Cervical cancer,Cervical squamous cell carcinoma,Cervical squamous cell carcinoma (CSCC),Cell co-localization,interaction between MP6 tmalignant squamous cells and CAF-MMP11 fibroblast cells,MP6 tmalignant squamous cells and CAF-MMP11 fibroblast cells,37985817,Multiomic analysis of cervical squamous cell carcinoma identifies cellular ecosystems with biological and clinical relevance,nature genetics,2023,Spatial transcriptome,unknow,Biological phenotype,Immune Suppression,Immunosuppression,clinical samples,cell culture,NA,cell,"CAF-MMP11 cells exhibited high levels of LRRC15 (Fig. 5f), whose presence was directly linked to the inhibitory effect on the antitumor immune response.
Fibroblasts neighboring MP6 tumor cells exhibited elevated immunosuppressive CAF signatures (Fig. 5g, left). Meanwhile, CytoSPACE revealed that fibroblast cells surrounding MP6, especially in the tumor–stroma border region, are predominantly CAF-MMP11.
Thus, TGFβ production and downstream signaling in MP6 tumors are at least partly mediated through FABP5.
Strikingly, the induction of TGFβ-inducible genes by the conditioned medium was found to be markedly decreased in ko-FABP5 cells (Fig. 7i). These results indicate that MP6 tumors produce FABP5-dependent TGFβ activity promoting CAF state transition to drive immune exclusion."
SL015,human,colon,colon,Colorectal cancer,Colorectal cancer,CRC,Spatial niche,tumor buds,budding cells,36669472,Multiplexed 3D atlas of state transitions and immune interaction in colorectal cancer,cell,2023,"H&E, cyclic immunofluorescence(CyCIF)",unknow,Biological phenotype,Tumor Invasion,"Invasion, EMT-like transitions",clinical samples," scRNA-seq,GeoMx transcriptomics"," inDrop,NanoString Technologies",RNA and Protein,"We conclude that EMT-like transitions and TB in CRC1 is characterized not by the formation of isolated spheres of cells, as first described by Weinberg and colleagues in tissue culture, but instead by the formation of large fibrillar structures that appear to be small buds when viewed in cross-section at their distal tips. Fibrils can invade into several different environments, including stroma and mucin, and we speculate that their formation is driven by a gradual (not abrupt) breakdown in cell adhesion associated with a graded EMT-like transition (Figure 5F)"
SL016,human,colon,colon,Colorectal cancer,Colorectal cancer,CRC,Tissue structure,TLS networks,"B cells (CD20+), T cells (CD8+, CD45RO+, FOXP3+), macrophages (CD68+, CD163+), myeloid cells (PDL1+)",36669472,Multiplexed 3D atlas of state transitions and immune interaction in colorectal cancer,cell,2023,"H&E, cyclic immunofluorescence(CyCIF)",unknow,Clinical phenotype,Drug Response,good prognosis and immune checkpoint inhibitor (ICI) responsiveness,clinical samples, cyclic immunofluorescence(CyCIF),unknow,Protein,"From these data, we conclude that our single 3D reconstruction of a TLS in CRC1 is a reasonable exemplar of our overall cohort in showing that: (1) TLSs form interconnected 3D networks rather than the isolated structures observed in 2D sections, (2) TLS networks within a single tumor can have different cellular compositions, and (3) variation in cell types and functional markers within a single large TLS network is graded, implying intra-TLS patterning and communication."
SL017,human,colon,colon,Colorectal cancer,Colorectal cancer,colorectal cancer,Cell co-localization,Interactions between MFAP5+ fibroblasts and C1QC+ macrophages,"MFAP5+ fibroblasts, C1QC+ macrophages",37344903,Interactions between MFAP5+fbroblasts and tumor-infltrating myeloid cells shape the malignant microenvironment of colorectal cancer,Journal of Translational Medicine,2023,"Spatial transcriptomics, multiplex immunohistochemistry (mIHC)","10x Genomics, Wuhan Servicebio Technology Co., Ltd",Clinical phenotype,Overall Survival,poor prognosis,clinical samples,survival analysis,analysis,clinical data,"We observed that MFAP5+fbro blasts mainly infiltrated fibroblast areas that were close to M2-phenotype macrophages (marked by CD68 and CD163) but opposite to anti-tumor T cells or B cells (Fig. 3C and Additional file 1: Fig. S5).
the mIHC assay confirmed the co-localization of MFAP5+fbroblasts and C1QC+macrophages within the tumor regions. In contrast, there were few C1QC+macrophages around the MFAP5+fbroblasts in normal tissues, suggesting that crosstalk between these cells mainly occurred in tumor tissues (Fig. 4H and Additional file 1: Fig. S8)
We assessed the clinical value of C1QC+macrophages in four independent CRC cohorts. We observed that patients with low infiltration of MFAP5+fbroblasts and high levels of C1QC+macrophages experienced better prognoses. In contrast, patients with high expression of both cell types demonstrated poor outcomes in the three cohorts (Fig. 4I).
we observed that compared with the MFAP5+ fibroblastshigh and C1QC+ macrophageshigh groups, patients with lower MFAP5+fbroblast infiltration and higher C1QC+macrophage infiltration demonstrated better prognoses (Additional file 1: Fig. S11). "
SL018,human,colon,colon,Colorectal cancer,Colorectal cancer,Colorectal cancer (CRC),Tissue structure,an immune-excluded desmoplasic barrier,"GJA4+ fibroblasts, M2 macrophages",38833783,GJA4 expressed on cancer associated fibroblasts (CAFs)—A ‘promoter’ of the mesenchymal phenotype,Translational Oncology,2024,spatial transcriptomic,"the Beijing Institute of Genomics Chinese Academy of Sciences China National Center for Bioinformation (http://www.big.ac.cn/, accession number: VISDS000781 and VISDS000782)",Biological phenotype,Immune Exclude,immune exclude,clinical samples,Immunofluorescence,unknow,protein,"Score points for each cluster of GJA4+ fibroblast or M2 macrophage signatures estimated by ‘xCell’ algorithm highlighted clusters of GJA4+ fibroblasts and M2 macrophages co-localizing at the same point and wrapping around epithelial cells to prevent CD8+ T cell infiltration (Fig. 5E-F).
In addition, the signature score of GJA4+ fibroblasts and M2 macrophages showed significantly positive correlation (Fig. 5I-J, R = 0.342, P < 0.001; R = 0.230, P < 0.001).
Immunofluorescence labeling further demonstrated that GJA4+ fibroblasts mediated the above ‘immune-excluded’ phenomenon. We observed that CD8+ T cells infiltrated the tumor tissue periphery, and GJA4 appeared to hinder them entry into the central tumor area (Fig. 5M).
Taken together, our results suggest GJA4+ fibroblasts may act synergistically with M2 macrophages to limit immune cells infiltration into the tumor core by stimulating the formation of an immune-excluded desmoplasic barrier. "
SL019,human,colon,colon,Colorectal cancer,Colorectal cancer,colorectal cancer,Tissue structure,a structural boundary generated by Macro-SPP1 and Fib-APSN localized around the tumor ,"SPP1+ macrophage,APSN+ fibroblast and PLVAP + endothelial cells",36806082,Reconstruction of the tumor spatial microenvironment along the malignant-boundary-nonmalignant axis,nature communications,2023,Spatial transcriptomics,10×Genomics,Clinical phenotype,Immune Exclude,Worse prognosis and tumor immune exclusion,clinical samples,Survival analysis,analysis,cell,"There was a high fibroblast, macrophage, and endothelial cell component at the tumor boundary, suggestive of cellular composition commonalities in tumor boundaries.
We examined the expression of CD3-encoding genes of the IDC tissue and found consistency with the CD3 fluorescence (Supplementary Fig. 4k).This suggests the tumor boundary acts as a barrier, lymphocytes such as T and B cells are restricted from infiltrating into the malignant region, thus a microenvironment of immune exclusion is formed.
Macro-SPP1 and Fib-APSN are preferentially enriched in the tumor boundary, which exhibited stronginteractions with each other and significantly with tumor cells.
We examined the distribution of T cell infiltration and found that killer T cells (T-KLRB1) were significantly enriched outside malignant regionswhile exhausted T cells (T-HAVCR2) were enriched at the tumor boundary (Fig. 5i); the infiltration of these cells is limited to the malignant region.
we performed survival analysis and observed that high ieScore was associated with worse overall survival (log-rank test, p = 0.039) and progression-free survival (log-rank test, p = 0.04, Fig. 5k). "
SL020,human,colon,colon,Colorectal cancer,Colorectal cancer,Colorectal Cancer,Cell co-localization,CD74+PDL1+ Macrophages Interact with PD1+ CD8+ T Cells(coinfiltration),"CD74+PDL1+ Macrophages
PD1+ Cytotoxic and Proliferating CD8 T Cells",34197832,Immunogenomics of Colorectal Cancer Response to Checkpoint Blockade: Analysis of the KEYNOTE 177 Trial and Validation Cohorts,Gastroenterology,2021,IMC,NA,Clinical phenotype,Drug Response,durable benefit from immunotherapy,clinical samples,mIF,inForm (Akoya Biosciences),protein,#NAME?
SL021,Human,Gut,Colorectum,Colorectal cancer,Colorectal cancer,Colorectal Cancer,Cellular neighbourhoods,Desmoplastic structure formation,"FAP+ fibroblasts, SPP1+ macrophages",35365629,Single-cell and spatial analysis reveal interaction of FAP+ fibroblasts and SPP1+ macrophages in colorectal cancer,Nat Commun,2022,spatial transcriptome,10x Genomics,Clinical phenotype,Overall Survival,Shorter survival,clinical samples,H-score system in tissue microarray,NA,clinical data,"We found that the FAP+ fibroblasts and SPP1+ macrophages were the most highly correlated populations across all examined cohorts. Patients with both high FAP+ fibroblasts and SPP1+ macrophages exhibited the shortest PFS compared with the signature combination groups, suggesting that these two cell types can synergistically promote tumor progression.
Then, we assessed the protein expression levels by the H-score system in tissue microarray (TMA) of 78 CRC patients to identify FAP and SPP1 both specifically increased in tumor tissue compared with adjacent normal tissue (Fig. 5d, e) and found patients with high protein levels of FAP or SPP1 enrolled in this TMA cohort exhibited shorter OS"
SL022,human,Gut,Colorectum,Colorectal cancer,Colorectal cancer,colorectal cancer and colorectal polyp,Spatial niche,Treg-mregDC-lymphatic niche,Tregs and mregDCs,39029466,Lymphatic-localized Treg-mregDC crosstalk limits antigen trafficking and restrains anti-tumor immunity,Cancer Cell,2024,scRNA;immunofluorescence,"inDrops,BD Bioscience",Biological phenotype,Drug Response,impeding the initiation of antitumor adaptive immune responses,"clinical samples,mouse model", spatial transcriptomic,10x Genomics,"protein,mouse","These tdTomato-marked mregDCs were closely associated with Tregs in the peri-lymphatic region, forming what we now recognize as a Treg-mregDC-lymphatic niche (Figure 3B and Video S2).
Collectively, these findings suggest that the crosstalk between Tregs and mregDCs fosters a highly activated state in Tregs and thus enhances their suppressive functions within the TME.

Within this comprehensive examination, we identified a total of ten TCGA cohorts, particularly kidney renal clear cell carcinoma (KIRC) and rectum adenocarcinoma (READ), where individuals with lower expression levels of activated Treg gene signature showed substantial survival advantages compared to those bearing the actTreghigh mregDChigh signatures (Figures 7F andS8E)."
SL023,human,esophageal,esophageal,Esophageal cancer,Esophageal squamous cell carcinoma,esophageal squamous cell carcinoma (ESCC),Tissue structure,a fibrous barrier,α‑SMA+ CAFs and CD163+ MØs,372541.26,Spatial analysis of stromal signatures  identifes invasive front carcinoma-associated fbroblasts as suppressors of anti-tumor immune response in esophageal cancer,"Journal of Experimental &
Clinical Cancer Research",2023,IMC,unknow,Biological phenotype,Immune Infiltration,blocks tumor‑infltrating immune cells,clinical samples,Immunohistochemical,Panovue,protein,"the abundance of α-SMA+ CAFs correlated with CD163+ MØs, in addition, we observed significantly positive correlations among α-SMA+ CAFs, CD163+ MØs and antitumor immune cells (i.e. CTLA4, FOXP3, CD4 and CD8 T cells, Fig.  1E-G).
The histopathological features of tumor tissue with or without α-SMA+ CAFs in the leading-edge area were further characterized, and showed that the presence of α-SMA+ CAFs at the invasive front form a fibrous barrier with CD163+ MØs to hinder immunologic effector cell infiltration (such as granzyme B+ immune cells, CD4+and CD8+ T cells), whereas the absence of α-SMA+ CAFs in the leading-edge area was associated with high intratumoral immune infiltration"
SL024,human,gastric,gastric,Gastric cancer,Gastric cancer,gastric cancer (GC),Cell co-localization,LAMA‑CD44 crosstalk between tumor cells and B cells,"Tumor epithelial cells, B cells",39215354,Re-analysis of single cell and spatial transcriptomics data reveals B cell landscape in gastric cancer microenvironment and its potential crosstalk with tumor cells for clinical prognosis,Journal of Translational Medicine,2024,Spatial transcriptomics (ST),10×Genomics,Clinical phenotype,Overall Survival,Poor survival,clinical samples,Survival analysis,analysis,clinical data,"In order to further select reliable L/R pairs between tumor cells and B cells, we evaluated their expression levels in tissue slices using ST data analysis. Based on the expression and biological localization analysis of L/R pairs, we identified four pairs of L/R pairs (LAMA3/CD44, MDK/SDC1 (Fig.5F), CCL28/CCR10, and GDF/TGFBR2 (sFig.7A,B)) with high reliability between tumor cells and B cells and these L/Rs were also observed in tumor epithelial cells and B cells (Fig.5G, H).
Also, in two large immunotherapy cohorts (CheckMate (n=250), and IMvigor210 (n=298)), LAMA/CD44 pairs were associated with poor prognosis.
LAMA/CD44 pairs had a higher AUC value (average 0.7), indicated that the LAMA/CD44 axis might be a potential immunotherapy prediction marker for GC immunotherapy. LAMA/CD44 in the TCGA-STAD cohort was also associated with poor disease-free survival (DFS) (P=0.026), and in multiple immunotherapy cohorts, LAMA/CD44 pair was also associated with poor OS. "
SL025,human,gastric,gastric,Gastric cancer,Gastric cancer,gastric cancer (GC),Cell co-localization,LAMA‑CD44 crosstalk between tumor cells and B cells,"Tumor epithelial cells, B cells",39215354,Re-analysis of single cell and spatial transcriptomics data reveals B cell landscape in gastric cancer microenvironment and its potential crosstalk with tumor cells for clinical prognosis,Journal of Translational Medicine,2024,Spatial transcriptomics (ST),10×Genomics,Clinical phenotype,Drug Response,no response to immunotherapy,clinical samples,clinical data analysis,analysis,clinical data,"In order to further select reliable L/R pairs between tumor cells and B cells, we evaluated their expression levels in tissue slices using ST data analysis. Based on the expression and biological localization analysis of L/R pairs, we identified four pairs of L/R pairs (LAMA3/CD44, MDK/SDC1 (Fig.5F), CCL28/CCR10, and GDF/TGFBR2 (sFig.7A,B)) with high reliability between tumor cells and B cells and these L/Rs were also observed in tumor epithelial cells and B cells (Fig. 5G, H).
As results shown in Fig. 6G, high LAMA/CD44 score suggested higher levels of immune infiltrating cells and immune modulators, indicated that high LAMA/CD44 was a relatively immunosuppressive microenvironment.
Subsequently, in GSE7961 (P=0.067), GSE19860 (P=0.013), Check Mate cohorts (P=0.072), Nathanso cohorts (P=0.038), and IMvigor210 cohorts (P=0.016), compared to immunotherapy non-responders (NR), immunotherapy responders (R) had lower LAMA/CD44 scores (Fig.6H-M) "
SL026,human,gastric,gastric,Gastric cancer,Gastric cancer,gastric cancer (GC),Cellular neighbourhoods,The co-localization and crosstalk between GC cells and B cells,"IgA plasma cells, tumor epithelial cells",39215354,Re-analysis of single cell and spatial transcriptomics data reveals B cell landscape in gastric cancer microenvironment and its potential crosstalk with tumor cells for clinical prognosis,Journal of Translational Medicine,2024,Spatial transcriptomics (ST),10×Genomics,Clinical phenotype,Drug Response,immunotherapy,clinical samples,multiple immunofluorescence (mIF),unknow,protein,"The co-localization and crosstalk between GC cells and B cells significantly affect the efficacy of immunotherapy, and inhibiting the CCL28-CCR10 signal axis is a potential immunotherapy target for GC.
Therefore, we analyzed the cellular relationship between B cells and tumor cells in the GC microenvironment, and the results showed that CCL28 is mainly expressed by tumor cells, while CCR10 is mainly expressed in plasma cells as shown in Fig.2H, which might be one of the mechanisms underlying the abundance of IgA PCs in the GC microenvironment.
multiple immunofluorescence (mIF) also validated the CCL28-CCR10 axis difference between immune therapy responder (R) and non-responder (NR) (Fig.2I, sFig.2E).
Trough patient samples underwent immunotherapy, it was found that CCL28 mainly originated from tumor epithelial cells, while CCR10 and CD138 were co-located. At the same time, patients with high expression of CCL28 had more CD138+cells and a shorter survival time, while patients with low expression of CCL28 had a longer survival time. "
SL027,human,gastric，peritoneal,gastric，peritoneal,Gastric cancer,Gastric cancer,gastric cancer,Tissue structure,Immature Tertiary Lymphoid Structures (iTLS),"Macrophages, regulatory T cells (Tregs), CD4+ T naive cells",38955417,Mapping the complexity and diversity of tertiary lymphoid structures in primary and peritoneal metastatic gastric cancer,Journal for ImmunoTherapy of Cancer,2024,Spatial transcriptomics,GeoMx,Biological phenotype,Others,Antitumor effector,clinical samples,Immunohistochemistry,Akoya Biosciences,Protein,"TLSs in PM are immature and have immunosuppressive features.
These chemokines were not synonymously expressed. One cluster of mainly LA-expressed CCL2, CCL18, CCL19, and CCL21. A mixed cluster of mTLS and iTLS expressed CXCL13, CCL4, CCL5, CXCL10, and CXCL9, suggesting that these chemokines associate with distinct TLS states. Interestingly, these chemokines were exclusively expressed within CD45+ ROIs, and CCL19, CCL21 and CXCL13 even solely by TLS (online supplemental figure S2D).
Therefore, we analyzed the transcriptional programs in cancer cells (CK+ AOI; figure 2A) in tumors with mTLS and iTLS from both cohorts (figure 4G) and identified that cancer cells in tumors with mTLS have specifically enhanced expression of apoptosisrelated pathways. "
SL028,human,gastric，peritoneal,gastric，peritoneal,Gastric cancer,Gastric cancer,gastric cancer,Tissue structure,Mature Tertiary Lymphoid Structures (mTLS),"B memory cells, plasma cells, CD8+ T memory cells",38955417,Mapping the complexity and diversity of tertiary lymphoid structures in primary and peritoneal metastatic gastric cancer,Journal for ImmunoTherapy of Cancer,2024,Spatial transcriptomics,GeoMx,Biological phenotype,Immune Suppression,Immunosuppression,clinical samples,Immunohistochemistry,Akoya Biosciences,Protein,"This was associated with higher levels of tumor-infiltrating macrophages and Tregs and less plasma cells compared with tumors with mature TLS. Furthermore, mature TLSs were characterized by overexpression of antitumor immune pathways such as B cell-related pathways, MHC class II antigen presentation while immature TLS were associated with protumor pathways, including T cell exhaustion and enhancement of DNA repair pathways in the corresponding cancer.
These chemokines were not synonymously expressed. One cluster of mainly LA-expressed CCL2, CCL18, CCL19, and CCL21. A mixed cluster of mTLS and iTLS expressed CXCL13, CCL4, CCL5, CXCL10, and CXCL9, suggesting that these chemokines associate with distinct TLS states. Interestingly, these chemokines were exclusively expressed within CD45+ ROIs, and CCL19, CCL21 and CXCL13 even solely by TLS (online supplemental figure S2D).
Thereby we identified that tumors with mTLS were enriched with tumor-infiltrating plasma cells and CD8+ T memory cells (figure 3D).
Therefore, we analyzed the transcriptional programs in cancer cells (CK+ AOI; figure 2A) in tumors with mTLS and iTLS from both cohorts (figure 4G) and identified that cancer cells in tumors with mTLS have specifically enhanced expression of apoptosisrelated pathways. "
SL029,human,brain,hypothalamus,Esophageal cancer,Adamantinomatous craniopharyngioma,adamantinomatous craniopharyngioma (ACP),Cell co-localization,Colocalization of TAM_GPNMB and RHCG+ terminally differentiated epithelial cells,"GPNMB+ Tumor-associated macrophages (TAMs), RHCG+ epithelial cells",38906852,Multiomics integration-based immunological characterizations of adamantinomatous craniopharyngioma in relation to keratinization,Cell Death and Disease,2024,spatial transcriptomics,the Illumina NovaSeq6000 platform,Biological phenotype,Tumor Growth,Tumor growth,clinical samples,asmFISH,"Servicebio Company (Wuhan, China)",protein,"Using spatial transcriptomic data, we observed one kind of non-microglial derived TAM that highly expressed GPNMB close to the terminally differentiated epithelial cell characterized by RHCG, and this colocalization was verified by asmFISH. We also found the positive correlation of infiltration between these two cell types in datasets with larger cohort. According to intercellular communication analysis, we report a regulatory network that could facilitate the keratinization of RHCG+ epithelial cells, eventually causing tumour progression.
Considering the functional crosstalk between the TAM_GPNMB and the E_C4 cluster, we compared the signature scores of TAM_GPNMB/E_C4. The results underscored the colocalization of TAM_GPNMB and E_C4 in the same spatial spot (Fig. 5O, P and S8A). Moreover, there was a most significant positive correlation between the signature score of these two clusters (Fig. 5Q, R and S8B–F).
By asmFISH, we confirmed the close spatial relationship between these two types of subclusters near keratins
in ACP (Fig. 6A). As the spatial distribution demonstrated a high correlation between TAM_GPNMB and the E_C4 cluster, we calculated the Spearman correlations for the proportion of cell infiltrations evaluated by CIBERSORTX in a larger cohort from the Gene Expression Omnibus (2 datasets with 39 ACP samples). "
SL030,human,kidney,kidney epithelium,Others,Kidney injury,kidney injury,Spatial niche,cellular niches in areas of injury,adaptive epithelial (aEpi) cell types proximal tubule (PT) and thick ascending limb (TAL) subclasses,37468583,An atlas of healthy and injured cell states and niches in the human kidney,Nature,2023,Spatial Transcriptome,10x Genomics,Biological phenotype,Others,Tissue repair,clinical samples,3D multiplexed immunofluorescence imaging and label-free cytometry (3DTC),Leica,protein,"Stages and niches of epithelial repair
providing both validation and spatial co-localization of these cell types and states into niches of ongoing injury and repair."
SL031,human,kidney,kidney epithelium,Others,Kidney injury,kidney injury,Tissue structure,fibrotic regions,lymphoid (T cell) and myeloid (MAC-M2/MDC) cell types,37468583,An atlas of healthy and injured cell states and niches in the human kidney,Nature,2023,Spatial Transcriptome,10x Genomics,Biological phenotype,Immune Infiltration,inflammation,clinical samples,Slide-seq,Illumina NovaSeq 6000,RNA,These potentially fibrotic regions also showed diverse inflammation for both lymphoid (T cell) and myeloid (MAC-M2/MDC) cell types that co-localized around vessels
SL032,human,liver,liver,Hepatocellular carcinoma,Hepatocellular carcinoma,HCC,Spatial niche,Macrophage-coated tumor cluster (MCTC),"macrophages, tumor cells",38614095,Macrophage-coated tumor cluster aggravateshepatoma invasion and immunotherapy resistance via generating local immune deprivation,cell Reports Medicine,2024,"multispectral
immunofluorescence (mIF)",unknow,Clinical phenotype,Overall Survival,diminished recurrence-free survival and overall survival,clinical samples,mIF,unknow,protein,"Upon assessing MCTC structures in 253 HCC samples from two distinct TJMUCH cohorts, nearly one-third were classified as MCTC+ (51/133 in TJMUCH cohort I and 46/120 in TJMUCH cohort II). These patients exhibited markedly reduced RFS and OS in comparison to their MCTC counterparts (p < 0.05, Figure 1C). MCTCs were significantly linked to adverse RFS and OS via Cox univariate analysis and were further validated as an independent prognostic factor in multivariate models (p < 0.05, Table S2).
The distant metastasis rate of MCTC+ patients was significantly higher than those of MCTC- patients (Table S3). It is worth noting that the prognosis of MCTC+ patients was worse than MCTC- patients for both early- and advanced-stage HCC(Figure S2A)."
SL033,human,liver,liver,Hepatocellular carcinoma,Hepatocellular carcinoma,HCC,Spatial niche,Macrophage-coated tumor cluster (MCTC),"macrophages, tumor cells",38614095,Macrophage-coated tumor cluster aggravateshepatoma invasion and immunotherapy resistance via generating local immune deprivation,cell Reports Medicine,2024,"multispectral
immunofluorescence (mIF)",unknow,Clinical phenotype,Drug Response,poor response to ICI therapy,clinical samples,mIF,unknow,protein,"Through a comprehensive immunomodu latory gene signature analysis18 conducted on 64 HCC samples from TJMUCH cohort III, it was revealed that MCTC+ HCC samples had significantly lower immunomodulatory signature scores compared to MCTC- samples (Figure 2A). This suggested a potential poor response to ICI therapy in MCTC+ HCC.
Clinical data from 28 patients with HCC undergoing ICI therapy (TJMUCH cohort IV) showed a marked difference in the objective response rate between MCTC+ and MCTC- groups(28.57% vs. 76.19%, respectively) (Figure 2B), indicating ICI resistance in MCTC+ HCC."
SL034,human,liver,liver,Hepatocellular carcinoma,Hepatocellular carcinoma,HCC,Spatial niche,Macrophage-coated tumor cluster (MCTC),"macrophages, tumor cells",38614095,Macrophage-coated tumor cluster aggravateshepatoma invasion and immunotherapy resistance via generating local immune deprivation,cell Reports Medicine,2024,scRNA-seq,10x Genomics,Biological phenotype,Immune Suppression,immunosuppressive and pro-tumorigenic phenotype,clinical samples,mIF,unknow,protein,"These macrophages are implicated in oncogenesis through their roles in facilitating immune evasion, providing nutrients, and meeting the metabolic needs of cancer cells. Comparative analysis revealed a significant  upregulation of these TAM subsets in macrophages of MCTC+ HCC tissues pointing to their heightened pro-tumorigenic potential (Figure 4E).
These results suggested that macrophages in MCTC+ HCC exhibited a distinct immunosuppressive and pro-tumorigenic phenotype.
Additionally, our analysis extended to Tregs (marked by Foxp3) and T cells with an exhausted phenotype (marked by CD39) within TJMUCH cohort IV tissues, which play a significant role in modulating immune responses within the TME. The results demonstrated that these cells were markedly elevated in MCTC+ tissues and exhibited a positive correlation with the proportion of Trem2+ macrophages (Figures S4C–S4F).
The results implied that Trem2+ macrophages in MCTC+ tissues might trigger the immunosuppressive microenvironment and diminish the anti-tumor efficacy of cytotoxic T cells by inducing Treg amplification and T cell exhaustion."
SL035,human,liver,liver,Hepatocellular carcinoma,Hepatocellular carcinoma,hepatocellular carcinoma,Spatial niche,onco-fetal niche,"POSTN+ CAFs, FOLR2+ TAMs, PLVAP+ Ecs",38168935,Presence of onco-fetal neighborhoods in hepatocellular carcinoma is associated with relapse and response to immunotherapy,nature cancer,2023,Stereo-seq,MGI DNBSEQ-Tx sequencer,Biological phenotype,Tumor Recurrence,Relapse,clinical samples,RNAscope,"Advanced Cell 
Diagnostics",RNA,"In summary, our data suggest a model whereby onco-fetal cell types co-localize, forming a niche supporting their crosstalk and facilitating tumor cell escape from anti-tumor immunity, suggesting the importance of onco-fetal reprogramming in shaping HCC relapse."
SL036,human,liver,liver,Hepatocellular carcinoma,Hepatocellular carcinoma,Hepatocellular carcinoma (HCC),Tissue structure,a tumor immune barrier structure,"POSTN+ CAFs, CD8+ T cells",39067872,POSTN+ cancer-associated fibroblasts determine the efficacy of immunotherapy in hepatocellular carcinoma,Journal for Immuno Therapy of Cancer,2024,spatial transcriptomic,10x Genomics,Clinical phenotype,Drug Response,no response to ICB therapy,clinical samples,Multiplex immunohistochemistry (mIHC),unknow,protein,"To validate this finding, we assessed the correlation between the infiltration of POSTN+ CAFs and T-cell exclusion in three inde pendent cohorts downloaded from the Tumor Immune Dysfunction and Exclusion Database (http://tide.dfci. harvard.edu/) (figure 4B–D). Our findings revealed a significant positive correlation between the infiltration of POSTN+ CAFs and T cell exclusion.
Interestingly, our observations revealed that POSTN+ CAFs were responsible for excluding T cells from the malignant area within HCC tumor tissue sections(figure 4E)
Similar to the findings reported by Liu et al, POSTN+ CAFs formed a tumor immune barrier structure that excluded T cells in non-responders to ICB therapy but not in responders (figure 4F).
Furthermore, we performed mIHC staining to validate our findings. We observed significantly greater levels of POSTN+ CAFs with colocalization of POSTN and α-SMA protein expression in non-responders than in responders. Importantly, the colocalization of POSTN+ α-SMA+ CAFs correlated with the exclusion of CD8+ cells in non-responders (figure 4J), suggesting potential crosstalk between POSTN+ CAFs and CD8+ T cells associated with immunotherapy efficacy."
SL037,human,liver,liver,Hepatocellular carcinoma,Hepatocellular carcinoma,Hepatocellular carcinoma (HCC),Cell co-localization,Colocalization between POSTN+ CAFs and SPP1+ macrophages,"POSTN+ CAFs, SPP1+ macrophages",39067872,POSTN+ cancer-associated fibroblasts determine the efficacy of immunotherapy in hepatocellular carcinoma,Journal for Immuno Therapy of Cancer,2024,single cell RNA,GEO,Biological phenotype,Immune Suppression,immunosuppressive,clinical samples,Multiplex immunohistochemistry (mIHC),unknow,protein,"In addition, the protein encoded by IL-6 bound to the receptors IL-6R, IL6ST, and THBD expressed on SPP1+ macrophages (figure 5G), while SPP1+ macrophages expressed high levels of IL-6R (figure 5H), suggesting that POSTN+ CAFs and SPP1+ macrophages may regulate the formation of an immunosuppressive environment via the IL-6/IL-6R axis.
We observed that HCC patients with high levels of POSTN+ CAFs and SPP1+ macrophages had the shortest OS (figure 6A), indicating synergistic promotion of tumor progression by these two cell types.
We overexpressed POSTN in CAFs and found that the ability of these cells to recruit macrophages was significantly greater than that of control CAFs (figure 6B,C). This recruitment phenomenon was also observed in HCC patient tissues (figure 6D).
Consistent with our previous findings, our mIHC results of HCC patient tissues revealed that IL-6 was mainly localized in POSTN+ CAFs, IL-6R was mainly localized in SPP1+ macrophages and that SPP1+ macrophages were also concentrated in the same region as POSTN+ CAFs (figure 6H). "
SL038,human,liver,liver,Hepatocellular carcinoma,Hepatocellular carcinoma,Hepatocellular carcinoma (HCC),Cell co-localization,Colocalization between POSTN+ CAFs and SPP1+ macrophages,"POSTN+ CAFs, SPP1+ macrophages",39067872,POSTN+ cancer-associated fibroblasts determine the efficacy of immunotherapy in hepatocellular carcinoma,Journal for Immuno Therapy of Cancer,2024,spatial transcriptomic,10x Genomics,Clinical phenotype,Drug Response,immunotherapy resistance,clinical samples,Multiplex immunohistochemistry (mIHC),unknow,protein,"The analysis of survival data from the IMvigor210 dataset revealed that patients treated with anti-PD-L1 therapy who had high infiltration of POSTN+ CAFs or SPP1 macrophages exhibited worse OS than those without these features (figure 7A).
Interestingly, we observed stronger spatial colocalization between POSTN+ CAFs and SPP1+ macrophages in non-responders than in responders (figure 7D).
Similarly, mIHC staining revealed that non responders exhibited greater infiltration of POSTN+ CAFs or SPP1+ macrophages than responders (online supplemental figure S9). Bayespace-enhanced spatial data showed that most POSTN+ CAFs and SPP1+ macrophages were colocalized in the same region, whereas T cells or B cells were excluded from the tumor core (figure 7E) "
SL039,human,liver,liver,Hepatocellular carcinoma,Hepatocellular carcinoma,Hepatocellular carcinoma (HCC),Spatial niche,Immune Infiltration Enrichment (IIE) region with high CCL19 and CCL21,"T cells (CD3+), B cells (CD20+)",35673582,Spatial maps of hepatocellular carcinoma transcriptomes reveal spatial expression patterns in tumor immune microenvironment,Theranostics,2022,flow cytometry,NA,Biological phenotype,Tumor Growth,inhibit the growth of HCC,clinical samples,Immunofluorescence,NA,protein,"Flow cytometric analyses of tumor xenografts revealed a higher proportion of CD3 + cells and CD20 + cells in the oe-AAV group than in the control group (Figure 7G-H), and tissue immunofluorescence results confirmed significantly higher infiltration of CD3 + T cells and CD20 + B cells in the oe-AAV group (Figure 7I).
Taken together, these observations indicate that CCL19 and CCL21 inhibit the growth of HCC by enhancing the infiltration of tumor-infiltrating T cells and B cells. Thus, overexpression of Ccl19/Ccl21a AAV may be used as a novel strategy for immunotherapy of HCC, but further analysis is essential. "
SL040,human,liver,liver,Hepatocellular carcinoma,Hepatocellular carcinoma,Hepatocellular carcinoma (HCC),Spatial niche,F5-CAF niches associated with immune-excluded regions enriched for M2 macrophages,"F5-CAF, M2 macrophages",39138551,Spatial multiomics reveals a subpopulation of fbroblasts associated with cancer stemness in human hepatocellular carcinoma,Genome Medicine,2024,Spatial transcriptomics,10X Genomics,Biological phenotype,Immune Suppression,Immunosuppression,clinical samples,multiplexed immunofuorescence (mIF),"PerkinElmer, 
Waltham, USA",protein,"For 8 HCC patients, F5-CAFs had a higher M2 macrophage score around them both in the tumor and at the interface (Fig. 5C).
we confirmed that more interactions between F5-CAF and M2 macrophages were detected compared with other fibroblasts, included CXCL12: CXCR4; LGALS9: COLEC12/ HAVCR2; ICAM1: aMb2 complex/ aXb2 complex (Additional fle2: Fig. S5E)
In the above mIF HCC samples, many F5-CAFs co-localized with CD14+CD206+ M2 macrophages in the interface (Additional fle2: Fig. S5F), which may be related to the expression trend of PD-L1 that we previously observed (Additional fle2: Fig. S4G).
Taken together, these results suggest that F5-CAFs may be associated with M2 macrophages and the immunosuppressive TME in HCC patients. "
SL041,mouse,liver,liver,Hepatocellular carcinoma,Hepatocellular carcinoma,HCC,Cellular neighbourhoods,zones of three-way interaction," adaptive immune cells, innate immune cells, and cC3+ hepatocytes",38355725,Innate and adaptive immune cell interaction drives inflammasome activation and hepatocyte apoptosis in murine liver injury from immune checkpoint inhibitors,Cell Death & Disease,2024,IMC,NA,Biological phenotype,Drug Response,hepatocyte death in ILICI,clinical samples,mouse models,NA,mouse,"CD8 depletion by itself did not cause any liver injury or elevated liver enzymes (not shown), and confirmed depletion by FACS (Fig. 8B). Interestingly, CD8 depletion significantly protected against liver injury
These findings suggest that CD8 + T-cells are principal effectors of liver injury and cell death in ILICI.
We were able to observe zones of three-way interaction between adaptive immune cells, innate immune cells, and cC3+ hepatocytes, evidence that the interplay of adaptive and innate immunity plays a significant role in hepatocyte death in ILICI."
SL042,Human,Lung,Lung,Lung cancer,Non small cell lung cancer,NSCLC,Cell co-localization,POSTN+CAFs were in close localization with SPP1+ macrophages,"POSTN+CAFs, SPP1+ macrophages",38115703,Single-cell and spatial transcriptomics reveal POSTN+ cancer-associated fibroblasts correlated with immune suppression and tumour progression in non-small cell lung cancer.,Clin Transl Med,2023,Spatial transcriptome,Stereo-seq,Biological phenotype,Immune Suppression,Immunosuppression,clinical samples,mIHC,unknow,protein,Stereo-seq and mIHC demonstrated that POSTN+CAFs were in close localization with SPP1+ macrophages and were associated with the exhausted phenotype and lower infiltration of T cells
SL043,Human,Lung,Lung,Lung cancer,Non small cell lung cancer,NSCLC,Cellular neighbourhoods,Surrounding tumour nests,"POSTN+CAFs, T cells, Cancer cell",38115703,Single-cell and spatial transcriptomics reveal POSTN+ cancer-associated fibroblasts correlated with immune suppression and tumour progression in non-small cell lung cancer.,Clin Transl Med,2023,Spatial transcriptome,Stereo-seq,Biological phenotype,Immune Infiltration,Lower infiltration of T cells,clinical samples,mIHC,unknow,protein,"We found that POSTN+CAFs tended to encircle the tumour nests and infiltrated CD4+T cells and CD8+T cells located mostly in the stromal regions formed by multi-layers of POSTN+CAFs.
For example, in 10 POSTN-high tumour regions selected from a sample, seven of 10 (70%) regions had POSTN+ CAFs surrounding tumour nests, which might impede the infiltration of T cells, while tumour regions without POSTN+ CAFs had higher infiltration of T cells into the tumour bed"
SL044,human,Lung,Lung,Lung cancer,Lung cancer,lung cancer,Spatial niche,Spatial niches of T cells and macrophages in immune-hot adenocarcinomas,"T cells, Macrophages",38581685,Spatial Architecture of Myeloid and T Cells Orchestrates Immune Evasion and Clinical Outcome in Lung Cancer,cancer discovery,2024,imc,unknow,Biological phenotype,Drug Response,favorable immune response,clinical samples,"Wwhole-exome sequencing, RNA-seq data",unknow,RNA,"In immune-hot adenocarcinomas, spatial niches of T cells  and macrophages increased with clonal neoantigen burden, whereas such an increase was observed for niches of plasma and B cells in immune-excluded squamous cell carcinomas (LUSC).
In LUAD, clonal neoantigen burden was associated with community C6:macrophages and T cells (linear mixed-effects model, LME P   0.04), a community enriched in TS:TILMΦ high TMEs and depleted in TS:Immune low TMEs (Fig. 3A–C).
We next sought to establish the spatial immune context associated with HLA LOH and other somatic disruptions to HLA class I APM genes, hereafter referred to as class I/APM disruption (Methods). In LUAD, tumor regions with class I/APM disruption had increased densities of communities C6:macrophages and T cells and C7:macrophage enriched (LME P   0.001, LME P  0.023; Supplementary Fig. S6D)."
SL045,human,Lung,Lung,Lung cancer,Lung cancer,lung cancer,Spatial niche,niches of plasma and B cell,"plasma, B cell",38581685,Spatial Architecture of Myeloid and T Cells Orchestrates Immune Evasion and Clinical Outcome in Lung Cancer,cancer discovery,2024,imc,unknow,Biological phenotype,Drug Response,favorable immune response,clinical samples,"WES, and RNA-seq data",unknow,RNA,"whereas such an increase was observed for niches of plasma and B cells in immune-excluded squamous cell carcinomas (LUSC).
In both LUAD and LUSC, densities of the community C9:B cells and plasma cells and plasma cells, when tested separately, were associated with a high tumor mutational burden (TMB).
In LUSC, the burden of expressed clonal and total neoantigens predicted to bind intact HLA alleles was correlated withC9:B cells and plasma cells (LME P  0.03), a community enriched in T:TILMΦ excluded TMEs and depleted in TS:Neutrophil high TMEs (Fig. 3A, B, and D).
Both B cells and plasma cells were enriched in community C9:B cells and plasma cells, but only stroma-localized plasma cell densities were significantly correlated with clonal and total neoantigen burden in LUSC (Supplementary Figs. S3F and S6A). This spatial analysis reveals that plasma cells and the community in which they reside are associated not only with high TMB but also with the burden of clonal and total neoantigens in early-stage LUSC."
SL046,human,Lung,Lung,Lung cancer,Lung cancer,lung cancer,Tissue structure,Fibroblast barriers in immune-low TMEs,"Fibroblasts, CD8 T cells",38581685,Spatial Architecture of Myeloid and T Cells Orchestrates Immune Evasion and Clinical Outcome in Lung Cancer,cancer discovery,2024,imc,unknow,Biological phenotype,Immune Suppression,Immunosuppression,clinical samples,imc,unknow,protein,"Collectively, these results suggest that peritumoral αSMA+ fibroblasts may represent a feature of early-stage NSCLC TMEs  with overall low levels of immune infiltration and a putative  physical barrier to CD8 T-cell and tumor cell engagement.
Immune-low TMEs were associated with fibroblast barriers to immune infiltration."
SL047,human,Lung,Lung,Lung cancer,Lung cancer,lung cancer,Spatial niche,High tumor-associated neutrophil (TAN) infiltration,"Tumor-associated neutrophils, Sparse lymphocytes",38581685,Spatial Architecture of Myeloid and T Cells Orchestrates Immune Evasion and Clinical Outcome in Lung Cancer,cancer discovery,2024,imc,unknow,Clinical phenotype,Tumor Metastasis,metastasis or relapse,clinical samples,"WES, and RNA-seq data",unknow,RNA,"The fourth archetype, characterized by sparse lymphocytes and high tumor-associated neutrophil (TAN) infiltration, had tumor cells spatially separated from vasculature and exhibited low spatial intratumor heterogeneity.
Tumors with high TAN infiltration had low spatial heterogeneity and a high risk of metastasis or relapse in 
NSCLC independent of stage, necrosis, and other clinical variables."
SL048,human,lung,lung,Lung cancer,Non small cell lung cancer, NSCLC,Spatial niche,Stem-immunity hubs,"TCF7+PD-1+CD8+ T cells, CCR7+LAMP3+ dendritic cells (mreg DCs), CXCL10+ macrophages, CCL19+ fibroblasts",38503922,Human lung cancer harbors spatially organized stem-immunity hubs associated with response to immunotherapy,nature immunology,2024,RNA smFISH/IF,RNAscope HiPlex v2 assay,Clinical phenotype,Drug Response,Responsive to immunotherapy,clinical samples,multiplexed error-robust FISH (MERFISH),"Vizgen, 10000001",protein,"Critically, we discovered the stem-immunity hub, a subtype of immunity hub strongly associated with favorable PD-1-blockade outcome."
SL049,human,lung,lung,Lung cancer,Non small cell lung cancer,non-small cell lung cancer,Cell co-localization,Co-location of CD14+APOE+ cells and MMP7+ tumor cells,"CD14+APOE+ macrophages, MMP7+ tumor cells",39187937,The co-location of CD14+APOE+ cells and MMP7+ tumour cells contributed to worse immunotherapy response in non-small cell lung cancer,clinical and translational medicine,2024,"Bulk RNA-seq, single-cell RNA-seq","RNeasy FFPE Kit (Qiagen); GEO(GSE148071, GSE127465 and GSE131907)",Clinical phenotype,Drug Response,worse therapeutic outcomes,clinical samples,multiplex immunofluorescence,Akoya’s 4-Colour Multiple IHC Kit.,protein,"The connection between MMP7 and CD14 was 0.2, whereas the correlation between MMP7 and APOE was 0.47. This suggests that MMP7 is more closely linked to the APOE+ subset of CD14+ cells (Figure 5A,B).
Our findings align with the transcriptomics study, as we detected the presence of MMP7+ tumour cells and CD14+APOE+ cells in the NSCLC tumour region (Figure 5C). 
Notably, CD14+APOE+ cells were predominantly located in areas with high MMP7+ tumour cells, suggesting a strong colocalisation pattern between MMP7+ tumour cells and CD14+APOE+ cells (Figure 5D).
The expression of MMP7 in tumour cells and APOE in myeloid cells was higher in non-responder (NR) patients compared to responders (R) (Figure 5E).
MMP7 and APOE were both more enriched in NR in patients treated with immunotherapy (Figure 6F,G).
We found that patients with higher levels of MMP7 or APOE had significantly worse therapeutic outcomes (Figure 6H,I). "
SL050,human,lung,lung,Lung cancer,Lung adenocarcinoma,lung adenocarcinoma(LUAD),Cellular neighbourhoods,"tumor-invaded Tumor-draining lymph nodes 
(TDLNs+) (polarized TDLN+ and scattered TDLN+)","CD45 immune cells, including T-cells and B-cells. 
Immunosuppressive DC cells and macrophage M2 cells.
PD-1+ CD8+ T cells",39080406,"Prognostic patterns in invasion lymph nodes of lung adenocarcinoma 
reveal distinct tumor microenvironments",npj Precision Oncology,2024,NanoString nCounter 289 Panel,"NanoString technologies 
nCounter platform",Biological phenotype,Others, Vascular structure was complete or deformed and irregular,clinical samples,IMC,NA,protein," Furthermore, a positive correlation was found between a higher angiogenesis score and the scattered pattern, while a lower immune score was noted for several immune-related parameters, including total TILs, T-cell markers, and T-effector score (Fig. 5B).
Additionally, the vascular structure was complete, with antigen-specific PD-1+ CD8+ T cells visible within the CD31+ vasculature (the polarized pattern). 
furthermore, disorderly arrangement of PDPN+ fibroblasts and CD68+macrophages was observed (especially in the scattered pattern), and vasculature was deformed and irregular (especially in the scattered pattern), which consistent with what NanoString panel observed (Figs. 5B, D and 6A, B)."
SL051,human,lympha,lympha,Others,Classic Hodgkin lymphoma, relapsed or refractory classic Hodgkin lymphoma(r/r CHL),Spatial niche," unique architecture defined by CXCR5+ HRS cells and their strong spatial relationship with
CXCL131 macrophages","CXCR5+ HRS cells, CXCL13+ macrophages",38113419,Spatially Resolved Tumor Microenvironment Predicts Treatment Outcomes in Relapsed/Refractory Hodgkin Lymphoma,American Society of Clinical Oncology,2023,a flow cytometry-based cell sorting;Single cell RNA sequencing,"Twist Bioscience; Illumina 
Nextseq550",Biological phenotype,Tumor Recurrence,Relapsed/Refractory,clinical samples, imaging mass cytometry (IMC);multicolor immunofluorescence (MC-IF),unknow,protein,"Therefore, we additionally performed scRNA-seq on CHL samples with enrichment of the HRS cell population by cell sorting (Data Supplement, Appendix Figs A5 and A9). Using the cell-to-cell communication tool, Cell Chat,21 we predicted CXCR5-CXCL13 interaction between CXCR51 HRS cells and CXCL131 macrophages (Fig 3A). This significant interaction was also validated by the alternative iTALK method22 (Fig 3B).
Therefore, to further describe the spatial relationship between CXCR51 HRS cells and CXCL131 macrophages, we applied MC-IF to the discovery cohort TMA that was used for IMC. Consistent with the results of the scRNA-seq-based cell-to-cell interaction prediction, we observed a strong positive correlation of the abundance of CXCR51 HRS cells with CXCL131 macrophages in the MC-IF data (Fig 3C).
We identified the interaction of CXCR51 HRS cells with ligand-expressing CXCL131 macrophages as a prominent crosstalk axis in relapsed CHL."
SL052,human,mucosa,mucisa,Others,Head and neck squamous cell carcinoma,head and neck squamous cell carcinoma (HNSCC),Cellular neighbourhoods,cDC1-CD8+ T cell clusters,"Type 1 conventional dendritic cells (cDC1),CD8+ T cells",37451271,A distinct stimulatory cDC1 subpopulation amplifies CD8+ T cell responses in tumors for protective anti-cancer immunity,Cancer Cell,2023, immunofluorescence,unknow,Clinical phenotype,Overall Survival,positively associated with progression-free patient survival,clinical samples,survival analysis,analysis,clinical data,"This prompted us to assess whether these observations were related to patient outcome for our HNSCC cohort. We found that the presence of intratumoral clusters between MHCIIhiCCR7neg cDC1 and CD8+ T cells was positively associated with progression-free patient survival (Figures 8E and 8F), arguing that the interplay between MHCIIhiCCR7neg cDC1 and CD8+ T cells in tumors has favorable consequences for anti-cancer immunity."
SL053,Human,Oral,Oral,Others,Oral squamous cell carcinoma ,Oral squamous cell carcinoma ,Tissue structure,TLS,"B cells, T/NK cells, macrophages, dendritic cells, other myeloid cells",38229179,Spatial Transcriptomic and Metabolomic Landscapes of Oral Submucous Fibrosis-Derived Oral Squamous Cell Carcinoma and its Tumor Microenvironment,Adv Sci,2024,Spatial transcriptome,10× Genomics,Biological phenotype,Immune Infiltration,immune cell infiltration,clinical samples,mIHC,Abiowell,protein,"By integrating ST and SM data, we found that various types of immune cells exhibit characteristics of local infiltration in the adjacent Stroma region of the tumor. These immune cells often form TLSs with B cells or T/NK cells as the core, which contributes to immune response"
SL054,human,Ovarian,Ovarian,Ovarian cancer,Ovarian clear cell carcinoma,Ovarian clear cell carcinoma (OCCC),Spatial niche,HIF-1a-induced cancer cells reside near CAFs,"HIF-1α-positive cancer cell, myofibroblastic CAFs(myCAFs)",38670097,Targeting PDGF signaling of cancer-associated fibroblasts blocks feedback activation of HIF-1αand tumor progression of clear cell ovarian cancer,Cell Reports Medicine,2024,"spatial transcriptomics, Immunofluorescence","10X Genomics, Akoya Biosciences",Clinical phenotype,Drug Response,Chemoresistance,"clinical samples, mouse model","co-culture, mouse model","NA, Japan Crea","cell,mouse","Consistent with this, we found that the tissue distribution of cancer cells and CAFs depicted by Visium analyses corresponded approximately to the cancer cell- or CAF-dominated regions visualized by H&E staining (Figures 3A and S3A).
We observed that HIF-1a-positive cancer cells in chemoresistant tumors frequently localized near a-SMA-positive cells (Figures 3H and S4D).
These data suggest that localization of HIF-1a-induced cancer cells near CAF is a hallmark of chemoresistant OCCC.
These data strongly suggest that interactions between cancer cells and CAFs lead to formation of a chemoresistant niche in OCCC.
We find that a chemoresistant OCCC subpopulation with elevated HIF activity localizes mainly in areas populated by cancer-associated fibroblasts (CAFs) with a myofibroblastic phenotype, which is corroborated by quantitative immunostaining.
Indeed, we observed a marked reduction in a fraction of HIF-1a-positive cancer cells (Figures 7G and 7H) as well as a-SMA-positive CAFs (Figure S8E) after treatment."
SL055,human,Pancreas,Pancreas,Pancreatic cancer,Pancreatic ductal adenocarcinoma,Pancreatic ductal adenocarcinoma,Cell co-localization,Co-localization of SPP1+ APOE+ tumor-associated macrophages (TAM) and CTHRC1+ GREM1+ cancer-associated myofbroblasts (myCAF),"CTHRC1+GREM1+ myCAF, SPP1+APOE+ TAM",39075108,CTHRC1+ fbroblasts and SPP1+ macrophages synergistically contribute to pro tumorigenic tumor microenvironment in pancreatic ductal adenocarcinoma,scientific reports,2024,Single-cell RNA-seq,10x Genomics,Clinical phenotype,Overall Survival,worse prognosis,clinical samples,Spatial transcriptomics,10X Genomics,clinical data,"Survival analysis of CTHRC1 and SPP1 gene expression in PAAD demonstrated that patients with high expression of these genes led to worse survival (Fig. 5c), demonstrating the pro-tumor functions of these genes in the clinical context. Furthermore, the combined gene signature of both groups also resulted in 
worse prognosis for patients, as well as being enriched in tumor populations (Fig. 5c, d).
These results highlight the pro-tumorigenic and positive correlation of CTHRC1+GREM1+ myCAF and SPP1+APOE+ TAM in the TME in single-cell resolution. Next, we aimed to demonstrate their relationship using spatial transcriptomics, amplifying research significance if found to be consistent with single cell transcriptomics.
Since all three groups of fibroblasts, macrophages, and tumor cells were identified in close proximity to each other (Fig.6a), we then quantitatively visualized these spatial localizations with a proximity enrichment heatmap (Fig.6e), showing that CTHRC1+GREM1+ myCAF were only in relationship to SPP1+ TAM and tumor cells, while SPP1+TAM were in close proximity to tumor cells 
and also to immune cells. "
SL056,human,Pancreas,Pancreas,Pancreatic cancer,Pancreatic ductal adenocarcinoma,pancreatic ductal adenocarcinoma (PDAC),Cellular neighbourhoods,CD8+ T-cells are spatially excluded from cellular neighborhoods comprising tumor-cell Cxcl1 and CXCR2+ PMN-MDSCs,CD8+ T-cells，epithelial/tumor-cell (PanCK+)，PMN-MDSC（CXCR2+ neutrophilic myeloid-derived suppressor cells） (CD15+CXCR2+),36946782,Cell-autonomous Cxcl1 sustains tolerogenic circuitries and stromal inflammation via neutrophil-derived TNF in pancreatic cancer ,Cancer Discov,2023,IMC, Hyperion system (Fluidigm Inc.),Biological phenotype,Immune Suppression,Immunosuppression,mouse model,"mouse models（1.Cxcl1 genetically silenced 2.transgenic CD8α−/− or in C57/BL6 mice treated with CD8
+ T-cell-depleting antibodies ）",NA,mouse,"·Coupled with reduced tumor growth kinetics in subcutaneous KPC-Cxcl1KO tumors (n=5, Supplementary Fig. S5B), there was dramatic reduction in primary tumor weights (n=20, P<0.0001; Fig. 3A) and metastatic outgrowth (Supplementary Fig. S5C–D), as well as significant improvement in overall survival (n=15, median 48 vs. 21 days; P<0.0001, Fig. 3B), in orthotopically-injected KPC-Cxcl1 KO compared with KPCEV tumor-bearing mice.
·Monitoring of in vivo tumor growth dynamics using real-time ultrasound (Fig. 3J) revealed significantly reduced latency of KPC-Cxcl1 KO-mediated tumor control in transgenic CD8α−/− and anti-CD8-treated mice compared with vehicle-treated KPCCxcl1KO mice.
·Therefore, silencing of cell-intrinsic Cxcl1 overcomes T-cell exclusion and restrains tumor growth in a CD8+ T-cell-dependent manner in vivo"
SL057,human,brain,Pituitary,Brain cancer,Pituitary neuroendocrine tumors,Pituitary neuroendocrine tumors (PitNETs),Cell co-localization,Interaction Between CX3CR1+ Macrophages and NR5A1+ Tumor Cells,"CX3CR1+ Macrophages, NR5A1+ Tumor Cells",38658971,Single-cell transcriptomics reveal distinct immune-infiltrating phenotypes and macrophage–tumor interaction axes among different lineages of pituitary neuroendocrine tumors,Genome Medicine,2024,"single cell RNA, Spatial transcriptomics","NA, Cell apoptosis",Biological phenotype,Others,Apoptosis,clinical samples,"co-culture, Cell apoptosis","AD10, Dojindo",cell,"The results demonstrated that CX3CR1+, C1Q+, and GPNMB+ macrophages exhibited the highest interaction with NR5A1+, TBX19+, and POU1F1+ tumor cells, respectively (Fig. 5A).
We found that CX3CR1+ macrophages regulated NR5A1+ tumor cells through regulation of signaling receptor pathway and TGF-β stimulus (Fig.5D)
Notably, CX3CR1+ macrophages enriched NR5A1+ tumor cells and INHBA-ACVR1B were locationalized closely in the spatial transcriptome of SF1 lineage tissue (Fig. 6B–D and Additional fle1: Fig. S10A)
To confirm the role of INHBA on the CX3CR1+ macrophages NR5A1+ tumor cells interaction axis, we treated primary cells and PitNET cell lines with INHBA.
We found that INHBA inhibited cell viability in SF1 lineage primary cells (Fig. 6H) and induced apoptosis (Fig. 6I). "
SL058,human,skin,skin,Melanoma,Melanoma,melanoma,Spatial niche,immune hot TMEs," strong infiltration of CD4+ T, B cells, HLA-DR+CD11c+ myeloid-derived cells, CD8+ T cells ",36281356,Multiplexed imaging mass cytometry reveals distinct tumor-immune microenvironments linked to immunotherapy responses in melanoma,communications medicine,2022,"imc,bulk RNA-seq",unknow,Clinical phenotype,Drug Response,anti-PD-1 respond,clinical samples,imc,unknow,protein,"Overall, by dividing the clustering results into hot and cold categories, this clustering achieved a classification accuracy of 79.3% (46 out of 58 responder ROIs classified as immune hot) for responders and 95.1% (39 out of 41 nonresponder ROIs classified as immune cold) for nonresponders on the ROI level (Fig. 4b). Analysis further revealed that ROIs from a same patient were in most cases 
highly homogeneous: most patients had ROIs from only one or two archetypes of the same immune hot or cold category (Fig. 4b). Kaplan–Meier analysis revealed better overall survival (OS, P = 0.0093) and progression-free survival (PFS, P = 0.06) in patients defined as immune hot (Fig. 4e)."
SL059,human,skin,skin,Melanoma,Melanoma,melanoma,Spatial niche,immune cold TMEs,"CAIX+ tumor cells, HLA-DR-CAIX+ myeloid-derived cells",36281356,Multiplexed imaging mass cytometry reveals distinct tumor-immune microenvironments linked to immunotherapy responses in melanoma,communications medicine,2022,"imc,bulk RNA-seq",unknow,Clinical phenotype,Drug Response,anti-PD-1 no respond,clinical samples,imc,unknow,protein,"Overall, by dividing the clustering results into hot and cold categories, this clustering achieved a classification accuracy of 79.3% (46 out of 58 responder ROIs classified as immune hot) for responders and 95.1% (39 out of 41 nonresponder ROIs classified as immune cold) for nonresponders on the ROI level (Fig. 4b). Analysis further revealed that ROIs from a same patient were in most cases 
highly homogeneous: most patients had ROIs from only one or two archetypes of the same immune hot or cold category (Fig. 4b). Kaplan–Meier analysis revealed better overall survival (OS, P = 0.0093) and progression-free survival (PFS, P = 0.06) in patients defined as immune hot (Fig. 4e)."
SL060,human,skin,skin,Melanoma,Melanoma,Melanoma,Spatial niche,immune-striving tumor microenvironment,"T cells, B cells, melanoma subclones (MITF+SPARCL1+ and CENPF+)",38944836,Single-cell spatial multiomics reveals tumor microenvironment vulnerabilities in cancer resistance to immunotherapy,cell rReeports,2024,CITE-seq;scRNA;Immunohistochemistry,BioLegend;10X Genomics,Clinical phenotype,Drug Response,Resistant,clinical samples,CITE-seq;scRNA;Immunohistochemistry,BioLegend;10X Genomics,protein,"With longitudinal analysis, we identified an ‘‘immune-striving’’ tumor microenvironment
marked by peri-tumor lymphoid aggregates and low infiltration of T cells in the tumor and the emergence of MITF+ SPARCL1+ and CENPF+ melanoma subclones after therapy."
SL061,human,skin,skin,Others,Mycosis fungoides,Mycosis fungoides (MF),Cell co-localization,co-localization of CD4+ T cells with both CD1a+CD1c+ and CD1a- CD1c+ DCs in cellular aggregates just below the epidermis,"CD4+ T cells, CD1a+CD1c+ DCs, CD1a- CD1c+ DCs",35406628,Mass Cytometric Analysis of Early-Stage Mycosis Fungoides,cell,2022,imaging mass cytometry,unknow,Biological phenotype,Tumor Growth,Tumor growth,clinical samples,imaging mass cytometry,unknow,protein,"We observed clusters of CD4+ T cells and multiple types of dendritic cells (DCs) identified through differential expression of CD11c, CD1a, and CD1c in the dermis. These results indicated substantial heterogeneity in the composition of the local immune infiltrate but suggest a prominent role for clustered CD4–DC interactions in disease pathogenesis. Probably, the local inhibition of such interactions may constitute an efficient treatment modality.
In addition, substantial numbers of CD4+ T cells co-localized with both CD1a+CD1c+HLA-DR+ and CD1a-CD1c+HLA-DR+ DCs in the dermis in situ. In this respect it is striking that the dominant presence of particular CD4+ T-cell clusters coincided with an elevated number of phenotypically distinct myeloid cells in some of the patients, suggesting that interactions between these CD4+ T cells and myeloid cells may play a prominent role in disease control."
SL062,human,skin,skin,Melanoma,Melanoma,melanoma,Cellular neighbourhoods,CD8+ cells and DC1 clustering,CD8+ T cells and DC1,38656869,Batf3(+) DCs and the 4-1BB 4-1BBL axis are required at the effector phase in the tumor microenvironment for PD-1 PD-L1 blockade efficacy,Cell reports,2024,Spatial transcriptome,10x Genomics,Clinical phenotype,Drug Response,Response to PD-1/PD-L1 blokade,clinical samples,Flow cytometry staining,mouse model,clinical samples,"Strikingly, patients with melanoma with higher K function AUC values had a significantly higher objective response rate than patients with lower AUC values (66.7% vs. 31.25%, p= 0.0393; Figure 5H), demonstrating the relevance of CD8+ cells and Batf3+ clustering for PD-1 blockade efficacy.
these results suggest that Batf3+ DCs are needed at the effector phase for anti-PD-L1 efficacy because of the positive signals that these cells provide to the Ag-specific CD8+ T cells through the 4–1BB/4–1BBL axis,"
SL063,human,"skin, lymph nodes (LNs)","skin, lymph nodes (LNs)",Melanoma,Melanoma,metastatic melanoma,Spatial niche, CXCL9 and CXCL10 milieus,"CXCL9/CXCL10-expressing cells, CD8+ T cells, Macrophages",35363540,Multiplexed imaging mass cytometry of the chemokine milieus in melanoma characterizes features of the response to immunotherapy,SCIENCE IMMUNOLOGY,2022,imaging mass cytometry,unknow,Biological phenotype,Immune Suppression,T cell dysfunction,clinical samples,imaging mass cytometry,unknow,RNA and Protein,"CXCL9 and CXCL10 were often localized in patches associated with dysfunctional T cells expressing the B lymphocyte chemoattractant CXCL13.
Comparing the frequencies of all individual chemokine-expressing cells across images revealed co-expression of the inflammatory response chemokines CXCL9, CXCL10, CCL4, and CXCL13 (fig. S8B).
CXCL9 and CXCL10 milieus were the most abundant, with close to half of all CXCL9-expressing cells and more than a third of all CXCL10-expressing cells being present in milieus. Markers for T cell exhaustion (Lag-3) and antigen experience (CCL4 and CXCL13) were particularly highly expressed in CXCL10 and CXCL9 milieus in comparison to other milieus, suggesting that they may represent hotspots of ongoing antitumor activity (Fig. 3D).
These CXCL9 and CXCL10 milieus exhibited high expression of markers of T cell dysfunction and exhaustion."
SL064,human,"skin, lymph nodes (LNs)","skin, lymph nodes (LNs)",Melanoma,Melanoma,metastatic melanoma,Spatial niche,B cell follicles,"CXCL13+ CD8+ T cells, B cells, Follicular dendritic cells (HLA-DR+),TCF7+ naïve-like T cells",35363540,Multiplexed imaging mass cytometry of the chemokine milieus in melanoma characterizes features of the response to immunotherapy,SCIENCE IMMUNOLOGY,2022,imaging mass cytometry,unknow,Biological phenotype,Drug Response,Responsive,clinical samples,imaging mass cytometry,unknow,RNA and Protein,"Of note, because many of our samples were from LN metastases, we referred to structures that resemble B cell follicles or TLS within tumors as B cell follicles.
Our analysis revealed that in images with B cells, but no B cell follicles, the sole sources of CXCL13 were T cells, and the highest fractions of CXCL13+ /HLA-DR+ /CD68− cells (likely follicular dendritic cells between densely packed HLA-DR+ B cells, thus appearing as HLA-DR+) were observed in images with B cell follicles (Fig. 5D).
In agreement, TCF7+ T cell frequencies steadily increased in images ordered from those with no B cells to those with B cell follicles for both CD8+ T cells and CD4+ T cells with or without PD1 expression (Fig. 5F).
B cell patches and follicles were also enriched with TCF7+ naïve-like T cells, a cell type that is predictive of response to immune checkpoint blockade."
SL065,human,"skin,lymph","skin,lymph node",Melanoma,Melanoma,"benign nevi, primary 
melanomas, and lymph node metastases",Cell co-localization,the contact frequency between antigen-experienced cytotoxic T cells and melanoma cells,Antigen-experienced cytotoxic T cells (CD8+CD45RO+Ki67+) and melanoma cells,35363543,Spatially mapping the immune landscape of melanoma using imaging mass cytometry,SCIENCE IMMUNOLOGY,2022,"CyTOF 
IMC",unknow,Clinical phenotype,Drug Response,positive response to ICIs,clinical samples,"CyTOF 
IMC",unknow,protein,"the proximity of antigen-experienced cytotoxic T cells to melanoma cells were associated 
with positive response to ICIs.
We observed that antigen-experienced T cells were located significantly closer to melanoma cells in pretreatment tumors from ICI responders compared with nonresponders (P = 0.025) (Fig. 5F, left)."
SL066,human,stomach,stomach,Gastric cancer,Gastric cancer,gastric cancer,Spatial niche,“tumor-normal interface” region,"Plasma B cell, Follicular B cell, Th2-like CD4+ T cells",37164975,Spatially resolved multi-omics highlights cell-specific metabolic remodeling and interactions in gastric cancer,Nature Communications,2023,spatial transcriptome,10×Genomics,Biological phenotype,Tumor Invasion,tumor cell invasion and progression,clinical samples,Immunohistochemical,unknow,protein,"Significantly, when we projected the cluster assignments back onto tissue section coordinates, we discovered a distinct “interface” cluster (cluster 9) at the junction of tumor and neighboring tissues (Fig. 6b).
An immune cell-dominated “tumor-normal interface” region where tumor cells contact adjacent tissues are characterized with distinct transcriptional signatures and significant immunometabolic alterations.
Most notably, although only very few amounts of tumor-infiltrating immune cells were identified in tumor tissue, we discovered that “interface” cluster 9 exhibits significant immune and inflammation-related signatures with plenty of plasma B cell, follicular B cell, and Th2-like CD4 + T cells.
Immunohistochemical staining of CD 20 and CD 38 on adjacent cancer sections were coincident with the defined plasma B cell- and follicular B cell-enriched cluster 9 region (Supplementary Fig. 42). Located at tumor boundary where the tumor contacts neighboring tissues, the immune and inflammation-related cluster 9 is believed to be important for tumor cell invasion and progression."
SL067,Human,Thyroid,Thyroid,Thyroid cancer,Papillary thyroid carcinoma,Papillary thyroid carcinoma,Spatial niche,Recruitment of LAMP3+ DCs by tumor cells promotes CD8+ T-cell exhaustion and Treg cell infiltration,"LAMP3+ DC, CD8+ T cell, Treg",38816233, Interactions between LAMP3+ dendritic cells and T-cell subpopulations promote immune evasion in papillary thyroid carcinoma,J Immunother Cancer,2024,Spatial transcriptome,10× Genomics,Clinical phenotype,Tumor Growth,Progression,clinical samples,"mIHC, Immunohistochemistry ","Absin, Cell Signaling Technology",protein,"In general, the recruitment of LAMP3+ DCs by tumor cells through NECTIN3-NECTIN2 promotes CD8+ T-cell exhaustion and Treg cell infiltration, creating an immunosuppressive microenvironment. This ultimately leads to the clinical progression of PTC.
We confirmed the recruitment of LAMP3+ DCs (CCL17) on FOXP3_Treg (CCR4) using multiplex fluorescence assay in tissue specimens
Subsequently, we performed multiplex fluorescence staining using samples from non-progressive PTC and progressive PTC to validate our analysis results (figure 7G, online supplemental file 7). In Group B tumors, LAMP3+ DCs closely neighbored KRT19+ tumor cells, with a high degree of colocalization of LAMP3 with NECTIN2, KRT19, and NECTIN3, respectively, in sequence."
SL068,human,thyroid,thyroid,Thyroid cancer,Papillary thyroid cancer,papillary thyroid cancer,Cell co-localization,interaction between LAMP3+DCs and T-cell subpopulations,"LAMP3+ dendritic cells, Tregs (regulatory T cells), CD8+ T cells",38816233,Interactions between LAMP3+ dendritic cells and T-cell subpopulations promote immune evasion in papillary thyroid carcinoma,Journal for Immuno Therapy of Cancer,2024,Spatial transcriptomics,10x Genomics,Biological phenotype,Immune Suppression,immunosuppressive,clinical samples,multiplex immunohistochemistry (mIHC),Absin,Protein,"Mapping LAMP3+ DC to spatial slices reveals its concentration in the tumor, with progressive PTC exhibiting a higher enrichment ratio that closely overlaps with the spatial distribution of T cells. This suggests a closer interaction between LAMP3+ DC and T cells in progressive PTC (figure 5H). In addition, spatial transcriptomics analysis showed higher immune tolerance scores in progressive PTC, with spots exhibiting higher tolerance scores aligning with T-cell distribution (figure 5I).
we found extensive cellular interactions involving LAMP3+ DCs, Treg cells, and CD8+ T cells, facilitated by inhibitory (NECTIN2-TIGIT, LAG3-HAVCR2) or costimulatory (ICOSL-ICOS and CD80/86-CD28) molecules, and chemokines (CXCL16-CXCR6 and CCL17-CCR4) (figure 6A).
Through multiplex immunofluorescence staining, we observed the colocalization of LAMP3-expressing DCs (identified by NECTIN2+) and CD8-expressing CD8+ T cells (identified by TIGIT+) in progressive PTC (figure 6E), which indicated the potential role of LAMP3+ DCs in inducing exhaustion in the recruitment of CD8+ T cells in progressive PTC.
We confirmed the recruitment of LAMP3+ DCs (CCL17) on FOXP3_Treg (CCR4) using multiplex fluorescence assay in tissue specimens (figure 6E) .
Extensive interactions between LAMP3+ DCs and T cells in PTC were found, suggesting that LAMP3+ DCs and T cells work together to shape the immunosuppressive microenvironment in progressive PTC, characterized by high infiltration of exhausted T cells and Treg cells. "
SL069,human,thyroid,thyroid,Thyroid cancer,Papillary thyroid cancer,papillary thyroid cancer,Spatial niche,recruitment of LAMP3+ DCs by tumor cells,"Tumor cells, LAMP3+ DCs",38816233,Interactions between LAMP3+ dendritic cells and T-cell subpopulations promote immune evasion in papillary thyroid carcinoma,Journal for Immuno Therapy of Cancer,2024,single cell RNA,10x Genomics,Biological phenotype,Tumor Growth,Tumor Progression,clinical samples,multiplex immunohistochemistry (mIHC),Absin,Protein,"Group A tumor cells display a more substantial recruitment effect on these cell types. Conversely, when LAMP3+ DCs acted as the signal recipient, Group B tumor cells demonstrated a significantly enhanced recruitment effect on LAMP3+ DCs (figure 7D). Furthermore, the interaction mediated by NECTIN3-NECTIN2, known to promote lymphocyte transendothelial migration, was notably strengthened between tumor cells and LAMP3+ DCs in this context42 (figure 7E,F). This finding suggests that Group B tumor cells have a greater tendency to recruit LAMP3+ DCs conducive to establishing an immunosuppressive microenvironment.
Subsequently, we performed multiplex fluorescence staining using samples from non-progressive PTC and progressive PTC to validate our analysis results (figure 7G, online supplemental file 7). In Group B tumors, LAMP3+ DCs closely neighbored KRT19+ tumor cells, with a high degree of colocalization of LAMP3 with NECTIN2, KRT19, and NECTIN3, respectively, in sequence. In contrast, in Group A tumors, LAMP3+ DCs were more distant from KRT19+ tumor cells, and NECTIN2 was also expressed on other cell surfaces (such as tumor cells). In Group A, the colocalization of KRT19 with NECTIN3 was insignificant, aligning with our single-cell analysis results. The low expression level of NECTIN3 in non-progressive PTC tumor cells suggested that these tumor cells struggled to retain DCs in the TME through adhesive interaction mediated by NECTIN3-NECTIN2 (figure 7H). "
SL070,human,Tonsils,Tonsils,Others,Diffuse large B-cell lymphoma,"chronic tonsillitis, reactive lymph nodes (n = 2), and DLBCL",Spatial niche,"Spatial clustering of MYC, BCL2, and BCL6 subpopulations",MYC+ BCL2+ BCL6- cells,37071673,Patterns of Oncogene Coexpression at Single-Cell Resolution Influence Survival in Lymphoma,CANCER DISCOVERY,2023, mfIHC,unknow,Clinical phenotype,Overall Survival,Shorter survival,clinical samples, mfIHC,unknow,protein," Despite expected variability between cohorts in the prognostic impact of MYC, BCL2, and BCL6 as individual oncogenes (14), the percentage ofM+2+6−  cells stood out as a consistently poor prognostic variable (Fig.  2A).
 Higher M+2+6-percentage remained statistically significant for poor OS in a multivariate Cox PH model adjusted for clinically relevant DLBCL clinicopathologic parameters of IPI Risk Group and MYC fluorescence in situ hybridization(FISH) status (Table  1; Supplementary Table  S5)."
SL071,Human,Pancancer,Pancancer,Others,Pancancer,Pancancer,Cellular neighbourhoods,Tumor boundary with hypoxia-induced ALCAMhigh macrophages,"ALCAMhigh macrophages, Cancer cell",38956900,Identification of Hypoxia-ALCAMhigh Macrophage- Exhausted T Cell Axis in Tumor Microenvironment Remodeling for Immunotherapy Resistance,Adv Sci,2024,Spatial transcriptome,10X Genomics,Biological phenotype,Immune Suppression,Immunosuppression,mouse model,"Immunohistochemistry, Flow cytometry",Cell Signaling Technology,protein,"The hypoxia status around the tumor boundary recruits ALCAMhigh macrophages. ...our analysis indicated a predominant infiltration of macrophages in the tumor boundary compared to both malignant and non-malignant regions in most ST slides. This result suggests that macrophage enriched in the tumor boundary is an important characteristic in TME among cancer types.
Further, the mIHC analysis showed that HIF1LNA significantly reduced HIF1 α expression, ALCAM expression, and the infiltration of macrophages and TIM3+ CD8+ T cells, and the combination treatment enhanced this efficacy"
SL072,Human,Pancancer,Pancancer,Others,Pancancer,Pancancer,Cell co-localization,Tex cells co-localized to ALCAMhigh macrophages,"Tex cells, ALCAMhigh macrophages",38956900,Identification of Hypoxia-ALCAMhigh Macrophage- Exhausted T Cell Axis in Tumor Microenvironment Remodeling for Immunotherapy Resistance,Adv Sci,2024,Spatial transcriptome,10X Genomics,Biological phenotype,Immune Suppression,T cell exhaustion,cell line,CellTrace labeling and dilution assay ,Beckman Coulter,cell ,"Further, Tex cells co-localized to ALCAMhigh macrophages showed significantly higher exhaustion scores than those far away from ALCAMhigh macrophages (Figure 5g), suggesting that the colocalization of ALCAMhigh macrophages and Tex may be associated with the exhaustion of T cells
Next, we examined the proliferative ability of the T cells co-cultured with ALCAMhigh or ALCAMlow macrophages using the CellTrace labelling and dilution assay and found that T cells co-cultured with ALCAMhigh macrophages proliferated much less than with ALCAMlow macrophages (Figure 6h,i)"
SL073,human,Pancancer,Pancancer,Others,Pancancer,Pancancer,Cell co-localization,ALCAMhigh macrophages co-localize with exhausted CD8+ T cells,"ALCAMhigh macrophages, exhausted CD8+ T cells",38956900,Identification of Hypoxia-ALCAMhigh Macrophage-Exhausted T Cell Axis in Tumor Microenvironment Remodeling for Immunotherapy Resistance,Advanced Science,2023,spatial transcriptomic,"10X genomics; https://support.10xgenomics.
com spatial-gene-expression/datasets",Clinical phenotype,Drug Response,immunotherapy resistance,"clinical samples,mouse model","co-culture, mouse model","Biolegend, NA",mouse,"We found that a high proportion of spots with Tex infiltration are co-localized with ALCAMhigh macrophages (Figure 5e,f; Figure S8d,e, Sup porting Information).
Tex co-localized to ALCAMhigh macrophages showed significantly higher exhaustion scores than
those far away from ALCAMhigh macrophages (Figure 5g), Tex showed high cell interaction with hypoxiahigh macrophages or ALCAMhigh macrophages but not hypoxialow macrophages or ALCAMlow macrophages (Figure 5h,i; Figure S8f, Supporting Information), suggesting that the colocalization of ALCAMhigh macrophages and Tex may be associated with the exhaustion of T cells
Cell-to-cell interaction analysis showed strong interaction among hypoxiahigh or ALCAMhigh macrophages, Tex cells, and malignant cells (Figure 5h,i; Figure S8g, Supporting Information).
To verify the function of ALCAMhigh macrophages, we isolated ALCAMhigh and ALCAMlow macrophages from human and mouse tumor tissues and then co-cultured them with CD8 T-cells. We found that compared to ALCAMlow macrophages, ALCAMhigh macrophages increased the expression of CD8 T-cell exhaustion genes PD-1 and Lag3 (Figure 6f,g; Figure S9a,b, Supporting Information).
Taken together, the combination of HIF1 LNA and ICB demonstrated significant reduction in ALCAMhigh macrophages and exhaustion CD8+ T cells, and improvement in tumor burden, survival rate, and cytolytic activity. "
SL074,human,Pancancer,Pancancer,Others,Pancancer,Pancancer,Cell co-localization,interactions between pathogenic CD4+ T cells and Arg1-positive myeloid cells,pathogenic CD4+ T cells，Arg1-positive myeloid cells,34301764,Neuroblastoma Formation Requires Unconventional CD4 T Cells and Arginase-1–Dependent Myeloid Cells,Tumor biology and immunology,2021,IHC,unknow,Biological phenotype,Tumor Growth,Tumor growth,"clinical samples, mouse model","Mouse model, Flow cytometry","BD LSRFortessa X-20 and
Cytek Aurora spectral flow cytometer","protein, mouse","these results demonstrate how arginine-metabolizing myeloid cells conspire with pathogenic CD4+ T cells to create permissive conditions for tumor formation, suggesting that these protumorigenic pathways could be disabled by targeting myeloid arginine metabolism.
Similarly, IHC analysis of human neuroblastoma revealed Arg1 expression only in interspersed myeloid-like cells that overlapped partly with CD68 and CD163 staining (Supplementary Fig. 5C).
Our data thus far demonstrated spatial relationships between resident CCR2-dependent myeloid cells and non–antigen-specific CD4+ cells, and that both populations were required for tumor formation.
Compared to cells in nutritionally complete conditions, arginine-starved CD4+ cells exhibited increased expression of a suite of mRNAs encoding proteins associated with regulatory activity, including PD-L1, CD30L (Tnfsf8), RANKL (Tnfsf11), TROY (Tnfrsf19), and IL2, in addition to Foxp3 (Fig. 5F). "
SL075,human,Pancancer,Pancancer,Others,Pancancer,Pancancer,Spatial niche,Interferon-Enriched Community,"XCL9+ macrophages, LAMP3+ DCs, mesenchymal-derived interferon states",38744958,Systematic dissection of tumor-normal single-cell ecosystems across a thousand tumors of 30 cancer types,nature communications,2024,Spatial transcriptomics,unknow,Biological phenotype,Drug Response,Responsive (favorable immunotherapy response),clinical samples,RNA smFISH,RNAscope® Multiplex Fluorescent Reagent Kit Assay,Protein,"Remarkably, one tumor ecosystem was distinctly occupied by interferon states from various cell types within the tumor (interferon-enriched community; Fig. 5A).
Interestingly, the vicinity of LAMP3+ DC with other immune cell states included in the interferon-enriched community (DC1, pDC, Langerhans cell, and Tfh) was identified in the adjacent normal network (Fig. 5C), implying that distinct configurations of cellular ecosystems even exist within the adjacent normal tissues compared to healthy normal tissues.
Among the cell states favorable for immunotherapy, we confirmed the presence of interferon-expressing mesenchymal cells (CXCL10 and PDGFRA) in the HNSC tissue sample using RNA smFISH (Supplementary Fig. S16).
Diverse components of the interferon-enriched community including LAMP3+ DC, CCL19+ fibroblast, CXCL9+ macrophage, and mesenchymal-derived interferon states confer favorable responses to immunotherapy and form different ecosystems between tumor, adjacent normal, and healthy normal tissues. "
